sentiment,total,correct,errors,accuracy,error_rate
neutral,228,194,34,0.8508771929824561,0.14912280701754388
negative,859,806,53,0.9383003492433062,0.061699650756693813
positive,1409,1347,62,0.9559971611071683,0.04400283889283174
