{
  "train_loss": [
    0.7011459985249479,
    0.38899831033088794,
    0.30797088977316733,
    0.26218071554748107,
    0.22710904239768714,
    0.19845328393956305,
    0.18060635624217317,
    0.1602092841771287,
    0.1439465239958864,
    0.12839533945834133,
    0.11732966700490093,
    0.10427641430476182,
    0.09447619616985321,
    0.08584513002088372,
    0.07901869132904939,
    0.07080154637740531,
    0.06333347993417525,
    0.06006890948809369,
    0.053284450822418006,
    0.050061934253751814,
    0.04520126736762238,
    0.040647540438238164
  ],
  "val_f1_macro": [
    0.8090972362168869,
    0.8270409241101113,
    0.8277814592692582,
    0.834493128617778,
    0.835720829457468,
    0.8515396907122157,
    0.8532390092772598,
    0.8543372257512174,
    0.8550985287380577,
    0.8550553108359421,
    0.8539798519546707,
    0.8552968313023211,
    0.8530712685109634,
    0.8590053946454378,
    0.8586969691300417,
    0.8586121072738554,
    0.8649077998036568,
    0.8592452567588247,
    0.8567151099262124,
    0.8599090468727643,
    0.860606728234561,
    0.8628184530062295
  ],
  "val_f1_micro": [
    0.8212782242632989,
    0.8431896222815719,
    0.8418473138548539,
    0.8470410285498203,
    0.8529411764705882,
    0.8581804281345565,
    0.8655674102812803,
    0.8631538313066975,
    0.8653584612395571,
    0.8617226728466589,
    0.8609219996109706,
    0.8678873794053947,
    0.8632195121951219,
    0.8678126852400712,
    0.8699427669232287,
    0.8674985145573381,
    0.8744987971130713,
    0.869946225851424,
    0.8671550188081568,
    0.8687710939051022,
    0.8687674511368169,
    0.8709094559325437
  ],
  "val_accuracy": [
    0.9401627266320712,
    0.9473380741879684,
    0.9462489589339483,
    0.948170927029278,
    0.9506694855532065,
    0.9524633224421808,
    0.9556025369978859,
    0.9545774873470434,
    0.9556025369978859,
    0.9541290281247998,
    0.9541930937279774,
    0.9570119802677942,
    0.9550900121724646,
    0.9571401114741496,
    0.9577807675059261,
    0.9571401114741496,
    0.9598949324107886,
    0.958165161124992,
    0.9570119802677942,
    0.9576526362995708,
    0.9578448331091037,
    0.9588058171567685
  ],
  "learning_rate": [
    0.0003,
    0.00029953760005996916,
    0.00029815325108927063,
    0.0002958554880596515,
    0.00029265847744427303,
    0.000288581929876693,
    0.0002836509786282552,
    0.00027789602465311383,
    0.0002713525491562421,
    0.00026406089484000466,
    0.0002560660171779821,
    0.0002474172072495276,
    0.000238167787843871,
    0.00022837478470739232,
    0.000218098574960932,
    0.00020740251485476348,
    0.00019635254915624213,
    0.00018501680457838585,
    0.00017346516975603465,
    0.00016176886435917675,
    0.00015,
    0.00013823113564082325
  ]
}