epoch,train_loss,val_accuracy,val_f1,val_precision,val_recall
1,0.24418996721100092,0.7563784988853108,0.49358915344148807,0.36118464915873794,0.7928227540197322
