epoch,train_loss,val_accuracy,val_f1,val_precision,val_recall,val_loss
1,0.17673889868181128,0.9403694896652641,0.8402194653743364,0.7961556997357636,0.9097255911074893,0.08000530413490661
2,0.07607706758785424,0.9548807999512227,0.8706056814627936,0.8246010096028396,0.9308642890551183,0.0680594332119886
3,0.05530745100889145,0.9552466313029693,0.871573239240488,0.831480006130078,0.9250311567547208,0.06759173807470088
4,0.040331349341103925,0.9622583988781173,0.883589418888753,0.8446838096164277,0.9278974382690754,0.07928503455316767
5,0.02833657598169146,0.963660752393147,0.8825289080120702,0.8594963955860362,0.9135841025644436,0.08943705427202772
6,0.02023970279605415,0.9646363026644718,0.8852055502990193,0.8665188669348592,0.9084410778072673,0.10007715942536263
7,0.014400586653619395,0.9655508810438388,0.8856122788718976,0.8811063978690743,0.8976872534333379,0.11889777055129092
8,0.010672772084125605,0.9650021340162184,0.8851553339359463,0.8772055954951496,0.9006473091834202,0.11920519831015709
