epoch,train_loss,val_loss,val_accuracy,val_f1,val_precision,val_recall
1,0.21030494588198087,0.0928981804407816,0.9453781686966252,0.9273888632724017,0.9349910257594505,0.9239046344038103
2,0.04016704943753802,0.09247840706202043,0.9602696970035215,0.9406154254039365,0.9525853738261543,0.9318581085213156
3,0.014354395422223226,0.0887072444877939,0.9649608789381698,0.9417603216943397,0.9599197807402557,0.9272612328256951
4,0.0058405992989306234,0.1001559603730826,0.9704965224115482,0.9510573886110578,0.9674583743642156,0.9379467202260221
5,0.0026016106384674402,0.1046413642840715,0.9703593498555583,0.9490640747003782,0.9704170391037452,0.9332451818245818
6,0.0010848633491213513,0.10948457720483117,0.9695726133272864,0.9447357603429761,0.9648027976337377,0.9287532897807687
