epoch,train_loss,val_accuracy,val_f1
1,0.9153584551544829,0.898164030239502,0.7251842962454997
2,0.502017039659969,0.9401562797789212,0.8255555555555556
3,0.42577727272190863,0.9431421129534338,0.8331157933992168
