epoch,train_loss,val_loss,val_accuracy,val_f1,val_precision,val_recall
1,0.2527782873552662,0.11480997962520477,0.9150021859385392,0.8989491431529368,0.9133734659717282,0.8955738450999394
2,0.10040317362532689,0.1133965699279562,0.9431983521026233,0.9286512152355358,0.9382457271939078,0.9230084516296371
3,0.07092939534935545,0.11469399846812829,0.9475311161854778,0.9149301160260453,0.9196767524158209,0.914872782418535
4,0.04616555199276746,0.09992017324994061,0.9597528269330198,0.9314458746171583,0.9382918034157394,0.9273000270015499
5,0.02637263457995016,0.14943164170031098,0.9649949610103092,0.9408054996092545,0.9613016177646865,0.9243952128747382
6,0.017162483397263978,0.14177129552959702,0.9659035374993099,0.9401781879454549,0.9596011603368074,0.9253848467151148
7,0.009737989546427748,0.14521876056545457,0.9642244556161781,0.9384607421999643,0.9552164209424212,0.9251242012726356
