sentiment,total,correct,errors,accuracy,error_rate
neutral,212,197,15,0.9292452830188679,0.07075471698113212
negative,926,893,33,0.9643628509719222,0.0356371490280778
positive,1448,1410,38,0.9737569060773481,0.026243093922651894
