epoch,train_loss,val_loss,val_accuracy,val_f1,val_precision,val_recall
1,0.25422377610733937,0.11703103249694438,0.941739050112813,0.9232022835155138,0.941283038035381,0.9103431808556002
2,0.09974433475950528,0.1120925670232069,0.947460808010201,0.925907329055461,0.9354432951440617,0.9200085061403591
3,0.06957796331045303,0.10432687754485201,0.9477923878253718,0.9193470165796691,0.913663247080307,0.9306889788308806
4,0.04533669379340313,0.10954011967554292,0.9581854159410822,0.9326611327265679,0.9418751705940309,0.9259083440383027
5,0.02713957222435441,0.1344071075675063,0.9672447052090487,0.9465873762103578,0.96098738444978,0.934802815254996
6,0.016109803527641287,0.1429803529345589,0.9658606194528012,0.9427797625605658,0.9607081674787153,0.9291294956362494
7,0.009679481676694171,0.12558356318882904,0.9646367509335387,0.9426371039391848,0.9495068208931986,0.9370802132152187
