epoch,train_loss,val_accuracy,val_f1,val_precision,val_recall,val_loss
1,0.2814703996395617,0.9388451923663191,0.8365210693743008,0.7966807125944775,0.9070010660911472,0.12429391989048491
2,0.11720094215574277,0.9572587037375769,0.8780427225566094,0.8346190223496515,0.9333480014910497,0.10422466156330515
3,0.08455435289244789,0.9568319004938725,0.8760472469399236,0.8364240033824534,0.9277948929144535,0.10375745459756952
4,0.061633070717358476,0.9623193707700749,0.8854271597120519,0.8537387952533145,0.9229134280585601,0.1186808264477456
5,0.04345386608968172,0.963904639960978,0.8840858617722865,0.86006497585336,0.9144897376506453,0.13571232406699912
6,0.031282863780062134,0.9642094994207672,0.8889352987826045,0.8726246244223955,0.9094501241499331,0.1557388835923469
7,0.021505294019985573,0.9647582464483873,0.8856439869460346,0.8753114629321018,0.9020984527360061,0.1717671235983676
8,0.01609545531333112,0.9656118529357965,0.8885389957083636,0.8793144236296023,0.9021694284523111,0.17723762917708843
