epoch,train_loss,val_accuracy,val_f1
1,0.6896340787493983,0.5803316235542297,0.6507720578957928
2,0.32616836789932996,0.5661647915840149,0.6430291846439093
3,0.2634006142200038,0.5456451177597046,0.6270879429002209
